{"lastGamePlayed": 1611944298, "generale": [6.5, 1.2380952380952381, 1.4375, 1.3333333333333333, 0.5609756097560976, 0.6153846153846154], "mp_shipment": [0.5652173913043478, 0.6190476190476191, 1.1666666666666667, 1.4736842105263157, 1.0, 0.7241379310344828, 0.7948717948717948, 1.3333333333333333, 0.5609756097560976], "mp_m_speed": [1.35, 0.7857142857142857, 1.0, 1.1818181818181819, 1.7857142857142858, 0.5714285714285714, 0.5238095238095238, 1.5, 0.7407407407407407, 1.0, 0.35294117647058826, 0.6, 0.7142857142857143, 0.5217391304347826, 1.0, 0.6153846153846154], "mp_broadcast2": [1.7142857142857142], "mp_emporium": [1.4705882352941178, 0.9], "mp_scrapyard": [1.4705882352941178], "mp_harbor": [1.894736842105263], "mp_malyshev": [2.25], "mp_rust": [1.1666666666666667], "mp_oilrig": [6.5], "mp_petrograd": [1.2380952380952381], "mp_runner": [1.4375]}