{"lastGamePlayed": 1613924539, "generale": [1.0, 0.7857142857142857, 0.6190476190476191, 1.35, 0.5652173913043478, 1.7142857142857142, 1.4705882352941178, 1.0, 0.5217391304347826, 1.894736842105263, 1.4705882352941178, 0.9, 1.1666666666666667, 2.25, 0.6153846153846154, 0.5609756097560976, 1.3333333333333333, 1.4375, 1.2380952380952381, 6.5, 0.7631578947368421, 1.930232558139535, 1.5384615384615385, 0.717948717948718, 1.2222222222222223, 0.75, 0.56, 1.4, 1.2727272727272727, 1.25, 0.6923076923076923, 0.6875, 0.7346938775510204, 4.0, 1.631578947368421, 0.8723404255319149, 0.7, 0.5238095238095238, 1.1666666666666667, 1.2131147540983607, 0.75, 0.0, 0.8888888888888888, 1.1071428571428572, 0.7708333333333334, 0.8043478260869565, 3.5555555555555554, 0.9259259259259259, 1.08, 1.3333333333333333, 1.0142857142857142, 0.782608695652174, 0.8846153846153846, 1.1333333333333333, 0.975609756097561, 0.6111111111111112, 0.671875, 1.0625, 0.875, 2.5714285714285716, 0.8611111111111112, 0.95, 1.2, 0.7272727272727273, 0.8571428571428571, 2.75, 1.5714285714285714, 0.7692307692307693, 1.2222222222222223, 1.5384615384615385, 1.5625, 1.1111111111111112, 1.75, 0.6666666666666666, 1.2307692307692308, 1.0, 0.9375, 1.2857142857142858, 1.3571428571428572, 0.0, 2.0, 0.9230769230769231, 0.9473684210526315, 0.5, 0.3, 0.5625, 0.5384615384615384, 1.3076923076923077, 1.0555555555555556, 1.4, 0.5416666666666666, 1.8888888888888888, 0.7058823529411765, 1.5294117647058822, 0.6190476190476191, 1.4, 0.6666666666666666, 0.6, 1.8235294117647058, 1.05, 1.16, 0.7916666666666666, 1.8333333333333333, 0.37037037037037035, 0.4166666666666667, 0.7575757575757576, 0.6764705882352942], "mp_oilrig": [6.5, 1.2307692307692308], "mp_petrograd": [1.2380952380952381, 0.5238095238095238], "mp_runner": [1.4375], "mp_shipment": [0.6190476190476191, 0.5652173913043478, 0.5609756097560976, 1.3333333333333333, 1.930232558139535, 1.5384615384615385, 1.25, 0.7346938775510204, 1.2131147540983607, 0.75, 1.1071428571428572, 0.8043478260869565, 1.0142857142857142, 0.6111111111111112, 0.875, 2.5714285714285716, 0.8611111111111112, 0.95, 0.7272727272727273, 2.75, 0.6190476190476191, 0.37037037037037035, 0.7575757575757576], "mp_m_speed": [1.0, 0.7857142857142857, 1.35, 1.0, 0.5217391304347826, 0.6153846153846154, 0.7631578947368421, 0.717948717948718, 1.2727272727272727, 0.6923076923076923, 0.6875, 0.8723404255319149, 1.1666666666666667, 0.0, 0.8888888888888888, 0.7708333333333334, 3.5555555555555554, 0.9259259259259259, 1.08, 1.3333333333333333, 0.975609756097561, 0.671875, 1.0625, 1.2, 0.8571428571428571, 1.5714285714285714, 0.7692307692307693, 1.2222222222222223, 1.1111111111111112, 1.75, 1.3076923076923077, 0.4166666666666667, 0.6764705882352942], "mp_malyshev": [2.25, 1.5625], "mp_rust": [1.1666666666666667], "mp_emporium": [1.4705882352941178, 0.9, 1.631578947368421, 0.5625], "mp_scrapyard": [1.4705882352941178, 1.8235294117647058], "mp_harbor": [1.894736842105263, 1.0, 0.5384615384615384], "mp_broadcast2": [1.7142857142857142, 1.2222222222222223, 0.7], "mp_spear": [1.4, 0.6666666666666666], "mp_cave_am": [0.56, 1.1333333333333333, 1.4], "mp_hackney_am": [0.75, 4.0, 0.5416666666666666, 0.6], "mp_raid": [0.8846153846153846, 1.8888888888888888], "mp_garden": [0.782608695652174, 1.5294117647058822], "mp_piccadilly": [1.5384615384615385], "mp_m_stadium": [1.3571428571428572], "mp_m_showers": [1.2857142857142858], "mp_m_train": [0.9375], "mp_quarry2": [0.9473684210526315], "mp_aniyah": [0.9230769230769231], "mp_farms2_gw": [2.0], "mp_port2_gw": [0.0], "mp_promenade_gw": [0.5], "mp_hideout": [1.0555555555555556, 1.16], "mp_village2": [0.3, 1.05], "mp_crash2": [0.7058823529411765, 0.7916666666666666], "mp_deadzone": [0.6666666666666666], "mp_backlot2": [1.4], "mp_vacant": [1.8333333333333333]}