{"lastGamePlayed": 1611748442, "mp_shipment": [0.5652173913043478, 0.6190476190476191, 1.1666666666666667, 1.4736842105263157, 1.0, 0.7241379310344828, 0.7948717948717948], "mp_m_speed": [1.35, 0.7857142857142857, 1.0, 1.1818181818181819, 1.7857142857142858, 0.5714285714285714, 0.5238095238095238, 1.5, 0.7407407407407407, 1.0, 0.35294117647058826, 0.6, 0.7142857142857143]}